team,probability
Spain,34.599999999999994
Switzerland,15.4
Germany,13.4
France,13.100000000000001
Japan,8.200000000000001
England,7.3
Argentina,3.6999999999999997
Brazil,1.7000000000000002
Canada,0.8999999999999999
USA,0.7000000000000001
Mexico,0.4
Iran,0.3
South Korea,0.3
